SN,TN,ORD,CN
BIA_BA_CAL,ARR_CONTRACT_VERSION_T,1,ARR_CONTRACT_KEY
BIA_BA_CAL,ARR_CONTRACT_VERSION_T,2,ARR_CONTRACT_ID
BIA_BA_CAL,ARR_CONTRACT_VERSION_T,3,ARR_CONTRACT_NAME
BIA_BA_CAL,ARR_CONTRACT_VERSION_T,4,ARR_CONTRACT_GROUP_ID
BIA_BA_CAL,ARR_CONTRACT_VERSION_T,5,ARR_CONTRACT_GROUP_NAME
BIA_BA_CAL,ARR_CONTRACT_VERSION_T,6,ARR_CONTRACT_VERSION_NAME
BIA_BA_CAL,ARR_CONTRACT_VERSION_T,7,ROW_NATURAL_ID
BIA_BA_CAL,ARR_CONTRACT_VERSION_T,8,EFFECTIVE_FROM_TS
BIA_BA_CAL,ARR_CONTRACT_VERSION_T,9,EFFECTIVE_TO_TS
BIA_BA_CAL,ARR_CONTRACT_VERSION_T,10,PROCESS_INSERT_ID
BIA_BA_CAL,ARR_CONTRACT_VERSION_T,11,PROCESS_UPDATE_ID
BIA_BA_CAL,ARR_CONTRACT_VERSION_T,12,TRANSACTION_TYPE_C
BIA_BA_CAL,ARR_CONTRACT_VERSION_T,13,SOURCE_SYSTEM_C
BIA_BA_CAL,ARR_CONTRACT_VERSION_T,14,IS_DELETED_YN
BIA_BA_CAL,ASSR_TASK_T,1,TASK_ID
BIA_BA_CAL,ASSR_TASK_T,2,SUBMITTER
BIA_BA_CAL,ASSR_TASK_T,3,CREATE_DATE
BIA_BA_CAL,ASSR_TASK_T,4,ASSIGNED_TO
BIA_BA_CAL,ASSR_TASK_T,5,LAST_MODIFIED_BY
BIA_BA_CAL,ASSR_TASK_T,6,MODIFIED_DATE
BIA_BA_CAL,ASSR_TASK_T,7,STATUS
BIA_BA_CAL,ASSR_TASK_T,8,SUMMARY
BIA_BA_CAL,ASSR_TASK_T,9,ASSIGNEE_GROUPS
BIA_BA_CAL,ASSR_TASK_T,10,INSTANCEID
BIA_BA_CAL,ASSR_TASK_T,11,VENDOR_ASSIGNEE_GROUPS
BIA_BA_CAL,ASSR_TASK_T,12,ROOTREQUESTINSTANCEID
BIA_BA_CAL,ASSR_TASK_T,13,ROOTREQUESTNAME
BIA_BA_CAL,ASSR_TASK_T,14,ROOTREQUESTLEVEL
BIA_BA_CAL,ASSR_TASK_T,15,ROOTREQUESTMODE
BIA_BA_CAL,ASSR_TASK_T,16,ROOTREQUESTFORMNAME
BIA_BA_CAL,ASSR_TASK_T,17,ROOTREQUESTID
BIA_BA_CAL,ASSR_TASK_T,18,FAILURE_CODE
BIA_BA_CAL,ASSR_TASK_T,19,SCOPE_ID
BIA_BA_CAL,ASSR_TASK_T,20,INTERNALDONEQUALIFICATION
BIA_BA_CAL,ASSR_TASK_T,21,INTERNALSUCCESSQUALIFICATION
BIA_BA_CAL,ASSR_TASK_T,22,ZTMPDONE
BIA_BA_CAL,ASSR_TASK_T,23,ZUSAGE
BIA_BA_CAL,ASSR_TASK_T,24,ZPROMPT1VMREQID
BIA_BA_CAL,ASSR_TASK_T,25,ZPROMPT1VALUE
BIA_BA_CAL,ASSR_TASK_T,26,ZPROMPT2VMREQID
BIA_BA_CAL,ASSR_TASK_T,27,INSTANTIATIONNUMBER
BIA_BA_CAL,ASSR_TASK_T,28,ZPROMPT3VMREQID
BIA_BA_CAL,ASSR_TASK_T,29,ZPROMPT3VALUE
BIA_BA_CAL,ASSR_TASK_T,30,ZPROMPT2VALUE
BIA_BA_CAL,ASSR_TASK_T,31,IDENTIFIER
BIA_BA_CAL,ASSR_TASK_T,32,RETURNVALUE1
BIA_BA_CAL,ASSR_TASK_T,33,RETURNVALUE2
BIA_BA_CAL,ASSR_TASK_T,34,RETURNVALUE3
BIA_BA_CAL,ASSR_TASK_T,35,PARENT_TYPE
BIA_BA_CAL,ASSR_TASK_T,36,ZASSOCIATIONTEMPLATE_ID
BIA_BA_CAL,ASSR_TASK_T,37,PARENTID
BIA_BA_CAL,ASSR_TASK_T,38,FLOWID
BIA_BA_CAL,ASSR_TASK_T,39,ESCALATED
BIA_BA_CAL,ASSR_TASK_T,40,ESCALATION_REASON
BIA_BA_CAL,ASSR_TASK_T,41,EXPECTED_TIME_OUT
BIA_BA_CAL,ASSR_TASK_T,42,SECONDS_BEFORE_TIME_OUT
BIA_BA_CAL,ASSR_TASK_T,43,TIMEOUTSTATUS
BIA_BA_CAL,ASSR_TASK_T,44,ASSIGNED_TO_RULE_TYPE
BIA_BA_CAL,ASSR_TASK_T,45,TIMEOUTSTATUSREASONSELECTION
BIA_BA_CAL,ASSR_TASK_T,46,NOTIFY_ASSIGNEE
BIA_BA_CAL,ASSR_TASK_T,47,AUTOMATICDESCRIPTION
BIA_BA_CAL,ASSR_TASK_T,48,ELECTRONICFIELD1
BIA_BA_CAL,ASSR_TASK_T,49,ELECTRONICFIELD2
BIA_BA_CAL,ASSR_TASK_T,50,ELECTRONICFIELD3
BIA_BA_CAL,ASSR_TASK_T,51,TASKTYPE
BIA_BA_CAL,ASSR_TASK_T,52,REBUILD_FLOW_SESSION_ID
BIA_BA_CAL,ASSR_TASK_T,53,RETURN_CODE_ASSIGNEE
BIA_BA_CAL,ASSR_TASK_T,54,REASON_CODE_ASSIGNEE
BIA_BA_CAL,ASSR_TASK_T,55,ASSIGNEE_ID
BIA_BA_CAL,ASSR_TASK_T,56,ASSIGNEE_SELECT_FORM_ASSIGNEE
BIA_BA_CAL,ASSR_TASK_T,57,ASSIGNEE_GROUP_ID
BIA_BA_CAL,ASSR_TASK_T,58,ASSIGNEE_GROUP
BIA_BA_CAL,ASSR_TASK_T,59,Z1D_PREVIOUS_ASSIGNEEID
BIA_BA_CAL,ASSR_TASK_T,60,PROCESS_NAME
BIA_BA_CAL,ASSR_TASK_T,61,TASKSUBTYPE
BIA_BA_CAL,ASSR_TASK_T,62,STATUSREASONSELECTION
BIA_BA_CAL,ASSR_TASK_T,63,STATE
BIA_BA_CAL,ASSR_TASK_T,64,ASSIGN_TIME
BIA_BA_CAL,ASSR_TASK_T,65,ACTIVATE_TIME
BIA_BA_CAL,ASSR_TASK_T,66,SEQUENCE
BIA_BA_CAL,ASSR_TASK_T,67,USE_FOUNDATION_GROUP_ASSIGNMENT
BIA_BA_CAL,ASSR_TASK_T,68,USE_FOUNDATION_INDIVIDUAL_ASSIGNMENT
BIA_BA_CAL,ASSR_TASK_T,69,USE_FOUNDATION_NOTIFICATION
BIA_BA_CAL,ASSR_TASK_T,70,PARENTSIGNAL
BIA_BA_CAL,ASSR_TASK_T,71,EFFORTTRACKINGTOTALTIMESPENTHOURS
BIA_BA_CAL,ASSR_TASK_T,72,RETURNCODEVALUE
BIA_BA_CAL,ASSR_TASK_T,73,PENDINGSTARTTIME
BIA_BA_CAL,ASSR_TASK_T,74,NUMRETRIES
BIA_BA_CAL,ASSR_TASK_T,75,RETRYCOUNT
BIA_BA_CAL,ASSR_TASK_T,76,LAUNCHCOMMAND
BIA_BA_CAL,ASSR_TASK_T,77,DETAILSCOMMAND
BIA_BA_CAL,ASSR_TASK_T,78,DETAILSAPPGUID
BIA_BA_CAL,ASSR_TASK_T,79,AUTOMATICINTERVAL
BIA_BA_CAL,ASSR_TASK_T,80,AUTOMATICUNIT
BIA_BA_CAL,ASSR_TASK_T,81,AUTOMATICINTERVAL_SECONDS
BIA_BA_CAL,ASSR_TASK_T,82,RESULTSLDATA
BIA_BA_CAL,ASSR_TASK_T,83,AUTOMATICCOMMANDSELECTION
BIA_BA_CAL,ASSR_TASK_T,84,ZTMPRUNASSIGNMENT
BIA_BA_CAL,ASSR_TASK_T,85,FLAG
BIA_BA_CAL,ASSR_TASK_T,86,AUTOMATICAPPROVEFLAG
BIA_BA_CAL,ASSR_TASK_T,87,TASKNAME
BIA_BA_CAL,ASSR_TASK_T,88,ACTIONWHENCOMPLETE
BIA_BA_CAL,ASSR_TASK_T,89,VISIBLE
BIA_BA_CAL,ASSR_TASK_T,90,REQUIRED
BIA_BA_CAL,ASSR_TASK_T,91,PRIORITY
BIA_BA_CAL,ASSR_TASK_T,92,REPEATABLE
BIA_BA_CAL,ASSR_TASK_T,93,SIMULATION_MESSAGE
BIA_BA_CAL,ASSR_TASK_T,94,ELECTRONICDECIMAL
BIA_BA_CAL,ASSR_TASK_T,95,TIMEOUTVALUE
BIA_BA_CAL,ASSR_TASK_T,96,UNIT
BIA_BA_CAL,ASSR_TASK_T,97,TEMPLATEID
BIA_BA_CAL,ASSR_TASK_T,98,START_TIME
BIA_BA_CAL,ASSR_TASK_T,99,END_TIME
BIA_BA_CAL,ASSR_TASK_T,100,DURATION_IN_MINUTES
BIA_BA_CAL,ASSR_TASK_T,101,ZREPEATABLEINSTANCEID
BIA_BA_CAL,ASSR_TASK_T,102,ASSIGNED_TO_ID
BIA_BA_CAL,ASSR_TASK_T,103,ASSIGNEE
BIA_BA_CAL,ASSR_TASK_T,104,LABELCHARACTER01
BIA_BA_CAL,ASSR_TASK_T,105,LABELCHARACTER02
BIA_BA_CAL,ASSR_TASK_T,106,LABELCHARACTER03
BIA_BA_CAL,ASSR_TASK_T,107,LABELCHARACTER04
BIA_BA_CAL,ASSR_TASK_T,108,LABELDATETIME01
BIA_BA_CAL,ASSR_TASK_T,109,LABELDATETIME02
BIA_BA_CAL,ASSR_TASK_T,110,LABELINTEGER01
BIA_BA_CAL,ASSR_TASK_T,111,LABELINTEGER02
BIA_BA_CAL,ASSR_TASK_T,112,LABELREAL01
BIA_BA_CAL,ASSR_TASK_T,113,LABELREAL02
BIA_BA_CAL,ASSR_TASK_T,114,LABELDECIMAL01
BIA_BA_CAL,ASSR_TASK_T,115,LABELDECIMAL02
BIA_BA_CAL,ASSR_TASK_T,116,LABELYESNO01
BIA_BA_CAL,ASSR_TASK_T,117,LABELYESNO02
BIA_BA_CAL,ASSR_TASK_T,118,LABELON01
BIA_BA_CAL,ASSR_TASK_T,119,LABELON02
BIA_BA_CAL,ASSR_TASK_T,120,LABELINTEGER03
BIA_BA_CAL,ASSR_TASK_T,121,LABELREAL03
BIA_BA_CAL,ASSR_TASK_T,122,CHARACTER_01
BIA_BA_CAL,ASSR_TASK_T,123,CHARACTER_02
BIA_BA_CAL,ASSR_TASK_T,124,CHARACTER_03
BIA_BA_CAL,ASSR_TASK_T,125,CHARACTER_04
BIA_BA_CAL,ASSR_TASK_T,126,DATETIME_01
BIA_BA_CAL,ASSR_TASK_T,127,DATETIME_02
BIA_BA_CAL,ASSR_TASK_T,128,INTEGER_01
BIA_BA_CAL,ASSR_TASK_T,129,INTEGER_02
BIA_BA_CAL,ASSR_TASK_T,130,REAL_01
BIA_BA_CAL,ASSR_TASK_T,131,REAL_02
BIA_BA_CAL,ASSR_TASK_T,132,DECIMAL_01
BIA_BA_CAL,ASSR_TASK_T,133,DECIMAL_02
BIA_BA_CAL,ASSR_TASK_T,134,YESNO_01
BIA_BA_CAL,ASSR_TASK_T,135,YESNO_02
BIA_BA_CAL,ASSR_TASK_T,136,ON_01
BIA_BA_CAL,ASSR_TASK_T,137,ON_02
BIA_BA_CAL,ASSR_TASK_T,138,CHARACTER_05
BIA_BA_CAL,ASSR_TASK_T,139,LABELCHARACTER05
BIA_BA_CAL,ASSR_TASK_T,140,LABELCHARACTER06
BIA_BA_CAL,ASSR_TASK_T,141,LABELDATE01
BIA_BA_CAL,ASSR_TASK_T,142,LABELTIME01
BIA_BA_CAL,ASSR_TASK_T,143,DATE_01
BIA_BA_CAL,ASSR_TASK_T,144,TIME_01
BIA_BA_CAL,ASSR_TASK_T,145,INTEGER_03
BIA_BA_CAL,ASSR_TASK_T,146,REAL_03
BIA_BA_CAL,ASSR_TASK_T,147,DEPARTMENT
BIA_BA_CAL,ASSR_TASK_T,148,SITE_GROUP
BIA_BA_CAL,ASSR_TASK_T,149,REGION
BIA_BA_CAL,ASSR_TASK_T,150,LOOKUPKEYWORD
BIA_BA_CAL,ASSR_TASK_T,151,SITE
BIA_BA_CAL,ASSR_TASK_T,152,EFFORTTRACKINGSTARTTIME
BIA_BA_CAL,ASSR_TASK_T,153,EFFORTTRACKINGENDTIME
BIA_BA_CAL,ASSR_TASK_T,154,AUTOCOST_CALCULATIONUNITTYPE
BIA_BA_CAL,ASSR_TASK_T,155,EFFORTTRACKINGTOTALTIMESPENTMINUTES
BIA_BA_CAL,ASSR_TASK_T,156,AUTOCOST_ACTUAL_CALCLASTESTIMATEDUSED
BIA_BA_CAL,ASSR_TASK_T,157,MIDDLE_NAME
BIA_BA_CAL,ASSR_TASK_T,158,COMMAND
BIA_BA_CAL,ASSR_TASK_T,159,AUTOCOST_BUDGETCALCLASTESTIMATEUSED
BIA_BA_CAL,ASSR_TASK_T,160,AUTOCOSTBUDGETINSTANCEID
BIA_BA_CAL,ASSR_TASK_T,161,AUTOCOSTACTUALINSTANCEID
BIA_BA_CAL,ASSR_TASK_T,162,APPLICATIONINSTANCEID
BIA_BA_CAL,ASSR_TASK_T,163,ALLOW_BUDGET_ENTRIES
BIA_BA_CAL,ASSR_TASK_T,164,BUDGETESTIMATEDTOTALTIME
BIA_BA_CAL,ASSR_TASK_T,165,DATATAGS
BIA_BA_CAL,ASSR_TASK_T,166,TICKETTYPE
BIA_BA_CAL,ASSR_TASK_T,167,ACTUALCALCULATIONUNITTYPE
BIA_BA_CAL,ASSR_TASK_T,168,ACTUALTOTALTIME
BIA_BA_CAL,ASSR_TASK_T,169,AUTOCOST_BUDGETCALCULATIONUNITTYPE
BIA_BA_CAL,ASSR_TASK_T,170,AUTOCOSTCOSTRATETEMPLATEUSE
BIA_BA_CAL,ASSR_TASK_T,171,AUTOCOSTACTUALCOSTCALCULATEDBY
BIA_BA_CAL,ASSR_TASK_T,172,STARTSTOP_EFFORTLOGID
BIA_BA_CAL,ASSR_TASK_T,173,AUTOMATICTASKINTERVALTIME
BIA_BA_CAL,ASSR_TASK_T,174,SERVICECI
BIA_BA_CAL,ASSR_TASK_T,175,TASK_CI
BIA_BA_CAL,ASSR_TASK_T,176,PARENT_LINKED
BIA_BA_CAL,ASSR_TASK_T,177,ZTMPGROUPCLOSE
BIA_BA_CAL,ASSR_TASK_T,178,LOCATION_COMPANY
BIA_BA_CAL,ASSR_TASK_T,179,ORGANIZATION
BIA_BA_CAL,ASSR_TASK_T,180,ASSIGNEE_ORGANIZATION
BIA_BA_CAL,ASSR_TASK_T,181,LAST_NAME
BIA_BA_CAL,ASSR_TASK_T,182,FIRST_NAME
BIA_BA_CAL,ASSR_TASK_T,183,PHONE_NUMBER
BIA_BA_CAL,ASSR_TASK_T,184,SERVICE_CAT_TIER_1
BIA_BA_CAL,ASSR_TASK_T,185,SERVICE_CAT_TIER_2
BIA_BA_CAL,ASSR_TASK_T,186,SERVICE_CAT_TIER_3
BIA_BA_CAL,ASSR_TASK_T,187,COMPANY
BIA_BA_CAL,ASSR_TASK_T,188,URGENCY
BIA_BA_CAL,ASSR_TASK_T,189,IMPACT
BIA_BA_CAL,ASSR_TASK_T,190,PRIORITY_WEIGHT
BIA_BA_CAL,ASSR_TASK_T,191,SUPPORT_COMPANY
BIA_BA_CAL,ASSR_TASK_T,192,REQUESTOR_ID
BIA_BA_CAL,ASSR_TASK_T,193,SUPPORT_GROUP_NAME
BIA_BA_CAL,ASSR_TASK_T,194,SUPPORT_ORGANIZATION
BIA_BA_CAL,ASSR_TASK_T,195,ACTUAL_START_DATE
BIA_BA_CAL,ASSR_TASK_T,196,SCHEDULED_START_DATE
BIA_BA_CAL,ASSR_TASK_T,197,SCHEDULED_END_DATE
BIA_BA_CAL,ASSR_TASK_T,198,ACTUAL_END_DATE
BIA_BA_CAL,ASSR_TASK_T,199,SUPPORT_GROUP_ID_2
BIA_BA_CAL,ASSR_TASK_T,200,PRERELEASE_DATE_TIME
BIA_BA_CAL,ASSR_TASK_T,201,PATCH_LAST_BUILD_ID
BIA_BA_CAL,ASSR_TASK_T,202,CATEGORY
BIA_BA_CAL,ASSR_TASK_T,203,ASSIGN_TO_VENDOR
BIA_BA_CAL,ASSR_TASK_T,204,REQUESTED_BY_PERSON_ID
BIA_BA_CAL,ASSR_TASK_T,205,PRODUCT_CAT_TIER_1
BIA_BA_CAL,ASSR_TASK_T,206,PRODUCT_CAT_TIER_2
BIA_BA_CAL,ASSR_TASK_T,207,PRODUCT_CAT_TIER_3
BIA_BA_CAL,ASSR_TASK_T,208,PRODUCT_NAME
BIA_BA_CAL,ASSR_TASK_T,209,PRODUCT_MODEL_VERSION
BIA_BA_CAL,ASSR_TASK_T,210,MANUFACTURER
BIA_BA_CAL,ASSR_TASK_T,211,PHASE_ACTIVATION_STATUS
BIA_BA_CAL,ASSR_TASK_T,212,CUSTOMER_PERSON_ID
BIA_BA_CAL,ASSR_TASK_T,213,CUSTOMER_FIRST_NAME
BIA_BA_CAL,ASSR_TASK_T,214,CUSTOMER_LAST_NAME
BIA_BA_CAL,ASSR_TASK_T,215,CUSTOMER_COMPANY
BIA_BA_CAL,ASSR_TASK_T,216,CUSTOMER_ORGANIZATION
BIA_BA_CAL,ASSR_TASK_T,217,CUSTOMER_DEPARTMENT
BIA_BA_CAL,ASSR_TASK_T,218,CUSTOMER_PHONE_NUMBER
BIA_BA_CAL,ASSR_TASK_T,219,CUSTOMER_MIDDLE_NAME
BIA_BA_CAL,ASSR_TASK_T,220,PHASE_GUID
BIA_BA_CAL,ASSR_TASK_T,221,NBN_SLABREACHED
BIA_BA_CAL,ASSR_TASK_T,222,NBN_SLAPERCENT
BIA_BA_CAL,ASSR_TASK_T,223,NBN_LEVEL1MANAGER
BIA_BA_CAL,ASSR_TASK_T,224,NBN_LEVEL2MANAGER
BIA_BA_CAL,ASSR_TASK_T,225,EFFECTIVE_FROM_TS
BIA_BA_CAL,ASSR_TASK_T,226,EFFECTIVE_TO_TS
BIA_BA_CAL,ASSR_TASK_T,227,SOURCE_SYSTEM_C
BIA_BA_CAL,ASSR_TASK_T,228,PROCESS_INSERT_ID
BIA_BA_CAL,ASSR_TASK_T,229,PROCESS_UPDATE_ID
BIA_BA_CAL,ASSR_TASK_T,230,TRANSACTION_TYPE_C
BIA_BA_CAL,ASSR_TASK_T,231,IS_DELETED_YN
BIA_BA_CAL,ASSR_TASK_T,232,ROW_NATURAL_ID
BIA_BA_CAL,ASSR_TASK_T,233,ZTMP_TSK_ADAPTERSTATUS_BPPM
BIA_BA_CAL,ASSR_TASK_T,234,PARENT_RESTART
BIA_BA_CAL,ASSR_TASK_T,235,ABYDOS_OUTCOME
BIA_BA_CAL,ASSR_TASK_T,236,ABYDOS_PARENT_ID
BIA_BA_CAL,ASSR_TASK_T,237,ABYDOS_TEMPLATE_ID
BIA_BA_CAL,ASSR_TASK_T,238,ABYDOS_OUTCOME_CHK
BIA_BA_CAL,ASSR_TASK_T,239,ABYDOS_TASK_TYPE_ID
BIA_BA_CAL,ASSR_TASK_T,240,ABYDOS_DEP_COUNT
BIA_BA_CAL,ASSR_TASK_T,241,ABYDOS_GROUP_ASSIGNMENT_SQL
BIA_BA_CAL,ASSR_TASK_T,242,ABYDOS_SLA_NAME
BIA_BA_CAL,ASSR_TASK_T,243,ABYDOS_BUSINESS_CALENDAR
BIA_BA_CAL,ASSR_TASK_T,244,ABYDOS_ASSIGNMENT_RULE
BIA_BA_CAL,ASSR_TASK_T,245,ABYDOS_ASSIGNEE_GROUP
BIA_BA_CAL,ASSR_TASK_T,246,PARENT_STATUS_TRIGGER
BIA_BA_CAL,ASSR_TASK_T,247,ABYDOS_TMP_OUTCOME
BIA_BA_CAL,ASSR_TASK_T,248,ABYDOS_WORKDAYS_TAG
BIA_BA_CAL,ASSR_TASK_T,249,ABYDOS_ASSIGNMENT_COUNT
BIA_BA_CAL,ASSR_TASK_T,250,ABYDOS_TEST_ASSIGNMENT_RULE
BIA_BA_CAL,ASSR_TASK_T,251,ABYDOS_WIZARD_OUTCOME_LABEL
BIA_BA_CAL,ASSR_TASK_T,252,ABYDOS_STARTING_TASK
BIA_BA_CAL,ASSR_TASK_T,253,ABYDOS_AUDITFLAG
BIA_BA_CAL,A_APPOINTMENT_SUMMARY_T,1,REGION_KEY
BIA_BA_CAL,A_APPOINTMENT_SUMMARY_T,2,REGION_ID
BIA_BA_CAL,A_APPOINTMENT_SUMMARY_T,3,REGION_NAME
BIA_BA_CAL,A_APPOINTMENT_SUMMARY_T,4,REGION_CSA_ID
BIA_BA_CAL,A_APPOINTMENT_SUMMARY_T,5,REGION_CSA_NAME
BIA_BA_CAL,A_APPOINTMENT_SUMMARY_T,6,REGION_STATE
BIA_BA_CAL,A_APPOINTMENT_SUMMARY_T,7,TECHNOLOGY_TYPE_CD
BIA_BA_CAL,A_APPOINTMENT_SUMMARY_T,8,SLOT_TYPE_CD
BIA_BA_CAL,A_APPOINTMENT_SUMMARY_T,9,APPOINTMENT_DATE_DT
BIA_BA_CAL,A_APPOINTMENT_SUMMARY_T,10,SLA_DAYS_Z
BIA_BA_CAL,A_APPOINTMENT_SUMMARY_T,11,SERVICE_CLASS_CD
BIA_BA_CAL,A_APPOINTMENT_SUMMARY_T,12,ACCELERATED_YN
BIA_BA_CAL,A_APPOINTMENT_SUMMARY_T,13,APPOINTMENT_COUNT_Z
BIA_BA_CAL,A_APPOINTMENT_SUMMARY_T,14,ADJUSTED_APPOINTMENT_COUNT_Z
BIA_BA_CAL,A_CAPACITY_BUCKETS_SUMMARY_T,1,REGION_KEY
BIA_BA_CAL,A_CAPACITY_BUCKETS_SUMMARY_T,2,REGION_ID
BIA_BA_CAL,A_CAPACITY_BUCKETS_SUMMARY_T,3,PARENT_REGION_ID
BIA_BA_CAL,A_CAPACITY_BUCKETS_SUMMARY_T,4,REGION_NAME
BIA_BA_CAL,A_CAPACITY_BUCKETS_SUMMARY_T,5,REGION_CSA_ID
BIA_BA_CAL,A_CAPACITY_BUCKETS_SUMMARY_T,6,REGION_CSA_NAME
BIA_BA_CAL,A_CAPACITY_BUCKETS_SUMMARY_T,7,REGION_STATE
BIA_BA_CAL,A_CAPACITY_BUCKETS_SUMMARY_T,8,IS_SYNTHETIC_REGION
BIA_BA_CAL,A_CAPACITY_BUCKETS_SUMMARY_T,9,CALENDAR_DATE_DT
BIA_BA_CAL,A_CAPACITY_BUCKETS_SUMMARY_T,10,SLOT_TYPE_CD
BIA_BA_CAL,A_CAPACITY_BUCKETS_SUMMARY_T,11,TECHNOLOGY_TYPE_CD
BIA_BA_CAL,A_CAPACITY_BUCKETS_SUMMARY_T,12,BUCKET_NUMBER
BIA_BA_CAL,A_CAPACITY_BUCKETS_SUMMARY_T,13,CAPACITY_PLANNED_MINS_Z
BIA_BA_CAL,A_CAPACITY_BUCKETS_SUMMARY_T,14,CAPACITY_TOTAL_MINS_Z
BIA_BA_CAL,A_CAPACITY_BUCKETS_SUMMARY_T,15,CAPACITY_AVAILABLE_MINS_Z
BIA_BA_CAL,A_CAPACITY_BUCKETS_SUMMARY_T,16,CAPACITY_PLANNED_JOBS_Z
BIA_BA_CAL,A_CAPACITY_BUCKETS_SUMMARY_T,17,CAPACITY_TOTAL_JOBS_Z
BIA_BA_CAL,A_CAPACITY_BUCKETS_SUMMARY_T,18,CAPACITY_AVAILABLE_JOBS_Z
BIA_BA_CAL,A_CAPACITY_BUCKETS_SUMMARY_T,19,CAPACITY_PCT
BIA_BA_CAL,A_CAPACITY_BUCKETS_SUMMARY_T,20,CAPACITY_USED_PCT
BIA_BA_CAL,A_MAX_WORK_ORDER_STATUS_HISTORY_V_TABLE,1,WORK_ORDER_SK
BIA_BA_CAL,A_MAX_WORK_ORDER_STATUS_HISTORY_V_TABLE,2,SEQUENCE_NO_ID
BIA_BA_CAL,A_MAX_WORK_ORDER_STATUS_HISTORY_V_TABLE,3,WORK_ORDER_ID
BIA_BA_CAL,A_MAX_WORK_ORDER_STATUS_HISTORY_V_TABLE,4,WORK_ORDER_HISTORY_ID
BIA_BA_CAL,A_MAX_WORK_ORDER_STATUS_HISTORY_V_TABLE,5,CHANGE_BY_CD
BIA_BA_CAL,A_MAX_WORK_ORDER_STATUS_HISTORY_V_TABLE,6,LAST_MODIFIED_DATACENTRE_DATE_TS
BIA_BA_CAL,A_MAX_WORK_ORDER_STATUS_HISTORY_V_TABLE,7,LAST_MODIFIED_LOCAL_DATE_TS
BIA_BA_CAL,A_MAX_WORK_ORDER_STATUS_HISTORY_V_TABLE,8,LAST_MODIFIED_UTC_DATE_TS
BIA_BA_CAL,A_MAX_WORK_ORDER_STATUS_HISTORY_V_TABLE,9,FROM_STATUS_CD
BIA_BA_CAL,A_MAX_WORK_ORDER_STATUS_HISTORY_V_TABLE,10,DESCRIPTION_NT
BIA_BA_CAL,A_MAX_WORK_ORDER_STATUS_HISTORY_V_TABLE,11,REASON_CODE_CD
BIA_BA_CAL,A_MAX_WORK_ORDER_STATUS_HISTORY_V_TABLE,12,TO_STATUS_CD
BIA_BA_CAL,A_MAX_WORK_ORDER_STATUS_HISTORY_V_TABLE,13,EFFECTIVE_FROM_TS
BIA_BA_CAL,A_MAX_WORK_ORDER_STATUS_HISTORY_V_TABLE,14,ROW_NATURAL_ID
BIA_BA_CAL,A_MAX_WORK_ORDER_STATUS_HISTORY_V_TABLE,15,SOURCE_SYSTEM_C
BIA_BA_CAL,A_REGION_CALENDAR_SLOT_SUMMARY_T,1,REGION_CALENDAR_SLOT_KEY
BIA_BA_CAL,A_REGION_CALENDAR_SLOT_SUMMARY_T,2,REGION_KEY
BIA_BA_CAL,A_REGION_CALENDAR_SLOT_SUMMARY_T,3,REGION_ID
BIA_BA_CAL,A_REGION_CALENDAR_SLOT_SUMMARY_T,4,PARENT_REGION_ID
BIA_BA_CAL,A_REGION_CALENDAR_SLOT_SUMMARY_T,5,REGION_NAME
BIA_BA_CAL,A_REGION_CALENDAR_SLOT_SUMMARY_T,6,REGION_CSA_ID
BIA_BA_CAL,A_REGION_CALENDAR_SLOT_SUMMARY_T,7,REGION_CSA_NAME
BIA_BA_CAL,A_REGION_CALENDAR_SLOT_SUMMARY_T,8,REGION_STATE
BIA_BA_CAL,A_REGION_CALENDAR_SLOT_SUMMARY_T,9,IS_SYNTHETIC_REGION
BIA_BA_CAL,A_REGION_CALENDAR_SLOT_SUMMARY_T,10,TECHNOLOGY_TYPE_CD
BIA_BA_CAL,A_REGION_CALENDAR_SLOT_SUMMARY_T,11,REGION_CALENDAR_ID
BIA_BA_CAL,A_REGION_CALENDAR_SLOT_SUMMARY_T,12,RC_ARCHIVE_DATETIME_TS
BIA_BA_CAL,A_REGION_CALENDAR_SLOT_SUMMARY_T,13,SLOT_TYPE_CD
BIA_BA_CAL,A_REGION_CALENDAR_SLOT_SUMMARY_T,14,CALENDAR_DATE_DT
BIA_BA_CAL,A_REGION_CALENDAR_SLOT_SUMMARY_T,15,START_DATETIME_TS
BIA_BA_CAL,A_REGION_CALENDAR_SLOT_SUMMARY_T,16,END_DATETIME_TS
BIA_BA_CAL,A_REGION_CALENDAR_SLOT_SUMMARY_T,17,REGION_CALENDAR_SLOT_ID
BIA_BA_CAL,A_REGION_CALENDAR_SLOT_SUMMARY_T,18,RCS_ARCHIVE_DATETIME_TS
BIA_BA_CAL,A_REGION_CALENDAR_SLOT_SUMMARY_T,19,CAPACITY_TOTAL_MINS_Z
BIA_BA_CAL,A_REGION_CALENDAR_SLOT_SUMMARY_T,20,CAPACITY_ACTUAL_MINS_Z
BIA_BA_CAL,A_REGION_CALENDAR_SLOT_SUMMARY_T,21,CAPACITY_AVAILABLE_MINS_Z
BIA_BA_CAL,A_REGION_CALENDAR_SLOT_SUMMARY_T,22,CAPACITY_TOTAL_JOBS_Z
BIA_BA_CAL,A_REGION_CALENDAR_SLOT_SUMMARY_T,23,CAPACITY_ACTUAL_JOBS_Z
BIA_BA_CAL,A_REGION_CALENDAR_SLOT_SUMMARY_T,24,CAPACITY_AVAILABLE_JOBS_Z
BIA_BA_CAL,A_REGION_CSA_T,1,REGION_KEY
BIA_BA_CAL,A_REGION_CSA_T,2,REGION_ID
BIA_BA_CAL,A_REGION_CSA_T,3,PARENT_REGION_ID
BIA_BA_CAL,A_REGION_CSA_T,4,REGION_NAME
BIA_BA_CAL,A_REGION_CSA_T,5,IS_SYNTHETIC_REGION
BIA_BA_CAL,A_REGION_CSA_T,6,REGION_CSA_ID
BIA_BA_CAL,A_REGION_CSA_T,7,REGION_CSA_NAME
BIA_BA_CAL,A_REGION_CSA_T,8,REGION_STATE
BIA_BA_CAL,A_TOW_STATE_OPERATIONAL_DURATION_HOURS_T,1,ORDER_NUMBER
BIA_BA_CAL,A_TOW_STATE_OPERATIONAL_DURATION_HOURS_T,2,TICKET_OF_WORK_ID
BIA_BA_CAL,A_TOW_STATE_OPERATIONAL_DURATION_HOURS_T,3,TICKET_OF_WORK_SEQUENCE_ID
BIA_BA_CAL,A_TOW_STATE_OPERATIONAL_DURATION_HOURS_T,4,TICKET_OF_WORK_STATE_ELAPSED_DURATION_HOURS_WH
BIA_BA_CAL,A_TOW_STATE_OPERATIONAL_DURATION_HOURS_T,5,TICKET_OF_WORK_STATUS_START_DATETIME
BIA_BA_CAL,A_TOW_STATE_OPERATIONAL_DURATION_HOURS_T,6,TICKET_OF_WORK_STATUS_END_DATETIME
BIA_BA_CAL,A_TOW_STATE_OPERATIONAL_DURATION_HOURS_T,7,APPOINTMENT_DURATION_STARTDATE_NEXTBUSDAY_HOURS_WH
BIA_BA_CAL,A_TOW_STATE_OPERATIONAL_DURATION_HOURS_T,8,ORDER_APPT_SLA_VALUE_DIFFERENCE_HOURS_WH
BIA_BA_CAL,A_TOW_STATE_OPERATIONAL_DURATION_HOURS_T,9,ORDER_SLA_VALUE
BIA_BA_CAL,A_TOW_STATE_OPERATIONAL_DURATION_HOURS_T,10,ORDER_SLA_OUTCOME
BIA_BA_CAL,A_TOW_STATE_OPERATIONAL_DURATION_HOURS_T,11,ORDER_SLA_VALUE_HOURS
BIA_BA_CAL,A_TOW_STATE_OPERATIONAL_DURATION_HOURS_T,12,ORDER_SLA_UNIT
BIA_BA_CAL,A_TOW_STATE_OPERATIONAL_DURATION_HOURS_T,13,ORDER_PRIORITY_ASSIST
BIA_BA_CAL,A_TOW_STATE_OPERATIONAL_DURATION_HOURS_T,14,APPOINTMENT_SLA_CD
BIA_BA_CAL,A_TOW_STATE_OPERATIONAL_DURATION_HOURS_T,15,APPOINTMENT_REQUIRED_YN
BIA_BA_CAL,A_TOW_STATE_OPERATIONAL_DURATION_HOURS_T,16,ORDER_SERVICE_LEVEL_AGREEMENT
BIA_BA_CAL,A_TOW_STATE_OPERATIONAL_DURATION_HOURS_T,17,ORDER_REGION
BIA_BA_CAL,A_TOW_STATE_OPERATIONAL_DURATION_HOURS_T,18,ORDER_SERVICE_CLASS
BIA_BA_CAL,A_TOW_STATE_OPERATIONAL_DURATION_HOURS_T,19,ORDER_TYPE
BIA_BA_CAL,A_TOW_STATE_OPERATIONAL_DURATION_HOURS_T,20,ORDER_DATE_RECEIVED
BIA_BA_CAL,A_TOW_STATE_OPERATIONAL_DURATION_HOURS_T,21,ORDER_DATE_ACKNOWLEDGED
BIA_BA_CAL,A_TOW_STATE_OPERATIONAL_DURATION_HOURS_T,22,ORDER_DATE_COMPLETED
BIA_BA_CAL,A_TOW_STATE_OPERATIONAL_DURATION_HOURS_T,23,ORDER_STATE_TERRITORY_CODE_CD
BIA_BA_CAL,A_TOW_STATE_OPERATIONAL_DURATION_HOURS_T,24,ORDER_PRIMARY_ACCESS_TECHNOLOGY
BIA_BA_CAL,A_TOW_STATE_OPERATIONAL_DURATION_HOURS_T,25,ORDER_WBA_VERSION
BIA_BA_CAL,A_TOW_STATE_OPERATIONAL_DURATION_HOURS_T,26,ORDER_WBA_STATUS
BIA_BA_CAL,A_TOW_STATE_OPERATIONAL_DURATION_HOURS_T,27,ORDER_PRODUCT_TYPE
BIA_BA_CAL,A_TOW_STATE_OPERATIONAL_DURATION_HOURS_T,28,ORDER_OPERATIONAL_START_TIME
BIA_BA_CAL,A_TOW_STATE_OPERATIONAL_DURATION_HOURS_T,29,ORDER_OPERATIONAL_END_TIME
BIA_BA_CAL,A_TOW_STATE_OPERATIONAL_DURATION_HOURS_T,30,ORDER_DATE_RECEIVED_NEXT_BUS_DAY
BIA_BA_CAL,A_TOW_STATE_OPERATIONAL_DURATION_HOURS_T,31,ORDER_TOTAL_ELAPSED_DURATION_HOURS_WH
BIA_BA_CAL,A_TOW_STATE_OPERATIONAL_DURATION_HOURS_T,32,TICKET_OF_WORK_FROM_STATE_NT
BIA_BA_CAL,A_TOW_STATE_OPERATIONAL_DURATION_HOURS_T,33,TICKET_OF_WORK_TO_STATE_NT
BIA_BA_CAL,A_TOW_STATE_OPERATIONAL_DURATION_HOURS_T,34,TICKET_OF_WORK_CHANGE_REASON_NT
BIA_BA_CAL,A_TOW_STATE_OPERATIONAL_DURATION_HOURS_T,35,TICKET_OF_WORK_CHANGE_LOCAL_TS
BIA_BA_CAL,A_TOW_STATE_OPERATIONAL_DURATION_HOURS_T,36,ORDER_SLA_CLOCK_RESULT
BIA_BA_CAL,A_TOW_STATE_OPERATIONAL_DURATION_HOURS_T,37,ORDER_SLA_CLOCK_RESULT_ROLLOVER
BIA_BA_CAL,BIL_BRM_NHUR_ORDER_DTLS,1,BRM_PRI_ID
BIA_BA_CAL,BIL_BRM_NHUR_ORDER_DTLS,2,BRM_ORDER_ID
BIA_BA_CAL,BIL_BRM_NHUR_ORDER_DTLS,3,BRM_PRI_STATUS
BIA_BA_CAL,BIL_BRM_NHUR_ORDER_DTLS,4,BRM_SERVICE_ID
BIA_BA_CAL,BIL_BRM_NHUR_ORDER_DTLS,5,BRM_SERVICE_TYPE
BIA_BA_CAL,BIL_BRM_NHUR_ORDER_DTLS,6,BRM_TECHNOLOGY_TYPE
BIA_BA_CAL,BIL_BRM_NHUR_ORDER_DTLS,7,BRM_SERVICE_CREATION_DT
BIA_BA_CAL,BIL_BRM_NHUR_ORDER_DTLS,8,BRM_SERVICE_CONFIRMED_DT
BIA_BA_CAL,BIL_BRM_NHUR_ORDER_DTLS,9,BRM_SERVICE_COMMENCEMENT_DT
BIA_BA_CAL,BIL_BRM_NHUR_ORDER_DTLS,10,BRM_SERVICE_TERMINATION_DT
BIA_BA_CAL,BIL_BRM_NHUR_ORDER_DTLS,11,BRM_ROLLOUT_REGION_ID
BIA_BA_CAL,BIL_BRM_NHUR_ORDER_DTLS,12,BRM_LOCATION_ID
BIA_BA_CAL,BIL_BRM_NHUR_ORDER_DTLS,13,BRM_ORDER_COMPLETION_DT
BIA_BA_CAL,BIL_BRM_NHUR_ORDER_DTLS,14,BRM_ORDER_CATEGORY
BIA_BA_CAL,BIL_BRM_NHUR_ORDER_DTLS,15,BRM_ORDER_TYPE
BIA_BA_CAL,BIL_BRM_NHUR_ORDER_DTLS,16,BRM_ORDER_STATUS
BIA_BA_CAL,BIL_BRM_NHUR_ORDER_DTLS,17,BRM_APPOINTMENT_ID
BIA_BA_CAL,BIL_BRM_NHUR_ORDER_DTLS,18,BRM_BAN
BIA_BA_CAL,BIL_BRM_NHUR_ORDER_DTLS,19,BRM_DEAL_CD
BIA_BA_CAL,BIL_BRM_NHUR_ORDER_DTLS,20,BRM_DEAL_NAME
BIA_BA_CAL,BIL_BRM_NHUR_ORDER_DTLS,21,BRM_ANCILLARY_CHARGE_CD
BIA_BA_CAL,BIL_BRM_NHUR_ORDER_DTLS,22,BRM_ANCILLARY_CHARGE_NAME
BIA_BA_CAL,BIL_BRM_NHUR_ORDER_DTLS,23,BRM_ANCILLARY_CHARGE_AMOUNT
BIA_BA_CAL,BIL_BRM_NHUR_ORDER_DTLS,24,BRM_PRICE_OVERRIDE_FLAG
BIA_BA_CAL,BIL_BRM_NHUR_ORDER_DTLS,25,BRM_USE_RIGHT_INSTALL_CHARGE_FLAG
BIA_BA_CAL,BIL_BRM_NHUR_ORDER_DTLS,26,BRM_LEADIN_OWNER
BIA_BA_CAL,BIL_BRM_NHUR_ORDER_DTLS,27,BRM_INSTALLATION_TYPE
BIA_BA_CAL,BIL_BRM_NHUR_ORDER_DTLS,28,BRM_EQUIPMENT_INSTALLED
BIA_BA_CAL,BIL_BRM_NHUR_ORDER_DTLS,29,BRM_EQUIPMENT_INSTALLED_BY_FOXTEL
BIA_BA_CAL,BIL_BRM_NHUR_ORDER_DTLS,30,BRM_IS_LATEST_ORDER
BIA_BA_CAL,BIL_BRM_NHUR_ORDER_DTLS,31,EFFECTIVE_FROM_TS
BIA_BA_CAL,BIL_BRM_NHUR_ORDER_DTLS,32,EFFECTIVE_TO_TS
BIA_BA_CAL,BIL_BRM_NHUR_ORDER_DTLS,33,IS_DELETED_YN
BIA_BA_CAL,BIL_BRM_NHUR_ORDER_DTLS,34,PROCESS_INSERT_ID
BIA_BA_CAL,BIL_BRM_NHUR_ORDER_DTLS,35,PROCESS_UPDATE_ID
BIA_BA_CAL,BIL_BRM_NHUR_ORDER_DTLS,36,ROW_NATURAL_ID
BIA_BA_CAL,BIL_BRM_NHUR_ORDER_DTLS,37,SOURCE_SYSTEM_C
BIA_BA_CAL,BIL_BRM_NHUR_ORDER_DTLS,38,TRANSACTION_TYPE_C
BIA_BA_CAL,BIL_HFS_NHUR_ORDER_DTLS,1,HFS_PRI_ID
BIA_BA_CAL,BIL_HFS_NHUR_ORDER_DTLS,2,HFS_ORDER_ID
BIA_BA_CAL,BIL_HFS_NHUR_ORDER_DTLS,3,HFS_PRI_STATUS
BIA_BA_CAL,BIL_HFS_NHUR_ORDER_DTLS,4,HFS_SERVICE_ID
BIA_BA_CAL,BIL_HFS_NHUR_ORDER_DTLS,5,HFS_SERVICE_TYPE
BIA_BA_CAL,BIL_HFS_NHUR_ORDER_DTLS,6,HFS_TECHNOLOGY_TYPE
BIA_BA_CAL,BIL_HFS_NHUR_ORDER_DTLS,7,HFS_SERVICE_CREATION_DT
BIA_BA_CAL,BIL_HFS_NHUR_ORDER_DTLS,8,HFS_SERVICE_CONFIRMED_DT
BIA_BA_CAL,BIL_HFS_NHUR_ORDER_DTLS,9,HFS_SERVICE_COMMENCEMENT_DT
BIA_BA_CAL,BIL_HFS_NHUR_ORDER_DTLS,10,HFS_SERVICE_TERMINATION_DT
BIA_BA_CAL,BIL_HFS_NHUR_ORDER_DTLS,11,HFS_ROLLOUT_REGION_ID
BIA_BA_CAL,BIL_HFS_NHUR_ORDER_DTLS,12,HFS_LOCATION_ID
BIA_BA_CAL,BIL_HFS_NHUR_ORDER_DTLS,13,HFS_ORDER_COMPLETION_DT
BIA_BA_CAL,BIL_HFS_NHUR_ORDER_DTLS,14,HFS_ORDER_CATEGORY
BIA_BA_CAL,BIL_HFS_NHUR_ORDER_DTLS,15,HFS_ORDER_TYPE
BIA_BA_CAL,BIL_HFS_NHUR_ORDER_DTLS,16,HFS_ORDER_STATUS
BIA_BA_CAL,BIL_HFS_NHUR_ORDER_DTLS,17,HFS_APPOINTMENT_ID
BIA_BA_CAL,BIL_HFS_NHUR_ORDER_DTLS,18,HFS_BAN
BIA_BA_CAL,BIL_HFS_NHUR_ORDER_DTLS,19,HFS_DEAL_CD
BIA_BA_CAL,BIL_HFS_NHUR_ORDER_DTLS,20,HFS_DEAL_NAME
BIA_BA_CAL,BIL_HFS_NHUR_ORDER_DTLS,21,HFS_ANCILLARY_CHARGE_CD
BIA_BA_CAL,BIL_HFS_NHUR_ORDER_DTLS,22,HFS_ANCILLARY_CHARGE_NAME
BIA_BA_CAL,BIL_HFS_NHUR_ORDER_DTLS,23,HFS_ANCILLARY_CHARGE_AMOUNT
BIA_BA_CAL,BIL_HFS_NHUR_ORDER_DTLS,24,HFS_PRICE_OVERRIDE_FLAG
BIA_BA_CAL,BIL_HFS_NHUR_ORDER_DTLS,25,HFS_USE_RIGHT_INSTALL_CHARGE_FLAG
BIA_BA_CAL,BIL_HFS_NHUR_ORDER_DTLS,26,HFS_LEADIN_OWNER
BIA_BA_CAL,BIL_HFS_NHUR_ORDER_DTLS,27,HFS_INSTALLATION_TYPE
BIA_BA_CAL,BIL_HFS_NHUR_ORDER_DTLS,28,HFS_EQUIPMENT_INSTALLED
BIA_BA_CAL,BIL_HFS_NHUR_ORDER_DTLS,29,HFS_EQUIPMENT_INSTALLED_BY_FOXTEL
BIA_BA_CAL,BIL_HFS_NHUR_ORDER_DTLS,30,HFS_IS_LATEST_ORDER
BIA_BA_CAL,BIL_HFS_NHUR_ORDER_DTLS,31,EFFECTIVE_FROM_TS
BIA_BA_CAL,BIL_HFS_NHUR_ORDER_DTLS,32,EFFECTIVE_TO_TS
BIA_BA_CAL,BIL_HFS_NHUR_ORDER_DTLS,33,IS_DELETED_YN
BIA_BA_CAL,BIL_HFS_NHUR_ORDER_DTLS,34,PROCESS_INSERT_ID
BIA_BA_CAL,BIL_HFS_NHUR_ORDER_DTLS,35,PROCESS_UPDATE_ID
BIA_BA_CAL,BIL_HFS_NHUR_ORDER_DTLS,36,ROW_NATURAL_ID
BIA_BA_CAL,BIL_HFS_NHUR_ORDER_DTLS,37,SOURCE_SYSTEM_C
BIA_BA_CAL,BIL_HFS_NHUR_ORDER_DTLS,38,TRANSACTION_TYPE_C
BIA_BA_CAL,BIL_NHUR_RECON_CONFIG,1,RECON_ID
BIA_BA_CAL,BIL_NHUR_RECON_CONFIG,2,RECON_DESCRIPTION
BIA_BA_CAL,BIL_NHUR_RECON_CONFIG,3,RECON_TYPE
BIA_BA_CAL,BIL_NHUR_RECON_CONFIG,4,BRM_SCHEMA_NAME
BIA_BA_CAL,BIL_NHUR_RECON_CONFIG,5,BRM_TABLE_NAME
BIA_BA_CAL,BIL_NHUR_RECON_CONFIG,6,BRM_COLUMN_NAME
BIA_BA_CAL,BIL_NHUR_RECON_CONFIG,7,HFS_SCHEMA_NAME
BIA_BA_CAL,BIL_NHUR_RECON_CONFIG,8,HFS_TABLE_NAME
BIA_BA_CAL,BIL_NHUR_RECON_CONFIG,9,HFS_COLUMN_NAME
BIA_BA_CAL,BIL_NHUR_RECON_CONFIG,10,SPT_SCHEMA_NAME
BIA_BA_CAL,BIL_NHUR_RECON_CONFIG,11,SPT_TABLE_NAME
BIA_BA_CAL,BIL_NHUR_RECON_CONFIG,12,SPT_COLUMN_NAME
BIA_BA_CAL,BIL_NHUR_RECON_CONFIG,13,UDS_CONFIG_DATE
BIA_BA_CAL,BIL_NHUR_RECON_FILTER,1,SOURCE_TABLE_NAME
BIA_BA_CAL,BIL_NHUR_RECON_FILTER,2,FILTER_CONDITION
BIA_BA_CAL,BIL_NHUR_RECON_FILTER,3,UDS_CONFIG_DATE
BIA_BA_CAL,BIL_NHUR_RECON_OUTPUT,1,RECON_DATE
BIA_BA_CAL,BIL_NHUR_RECON_OUTPUT,2,RECON_ID
BIA_BA_CAL,BIL_NHUR_RECON_OUTPUT,3,RECON_DESCRIPTION
BIA_BA_CAL,BIL_NHUR_RECON_OUTPUT,4,RECON_SOURCE_SYSTEMS
BIA_BA_CAL,BIL_NHUR_RECON_OUTPUT,5,ROW_NATURAL_ID
BIA_BA_CAL,BIL_NHUR_RECON_OUTPUT,6,RECON_OUTPUT
BIA_BA_CAL,BIL_SPT_NHUR_ORDER_DTLS,1,SPT_PRI_ID
BIA_BA_CAL,BIL_SPT_NHUR_ORDER_DTLS,2,SPT_ORDER_ID
BIA_BA_CAL,BIL_SPT_NHUR_ORDER_DTLS,3,SPT_PRI_STATUS
BIA_BA_CAL,BIL_SPT_NHUR_ORDER_DTLS,4,SPT_SERVICE_ID
BIA_BA_CAL,BIL_SPT_NHUR_ORDER_DTLS,5,SPT_SERVICE_TYPE
BIA_BA_CAL,BIL_SPT_NHUR_ORDER_DTLS,6,SPT_TECHNOLOGY_TYPE
BIA_BA_CAL,BIL_SPT_NHUR_ORDER_DTLS,7,SPT_SERVICE_CREATION_DT
BIA_BA_CAL,BIL_SPT_NHUR_ORDER_DTLS,8,SPT_SERVICE_CONFIRMED_DT
BIA_BA_CAL,BIL_SPT_NHUR_ORDER_DTLS,9,SPT_SERVICE_COMMENCEMENT_DT
BIA_BA_CAL,BIL_SPT_NHUR_ORDER_DTLS,10,SPT_SERVICE_TERMINATION_DT
BIA_BA_CAL,BIL_SPT_NHUR_ORDER_DTLS,11,SPT_ROLLOUT_REGION_ID
BIA_BA_CAL,BIL_SPT_NHUR_ORDER_DTLS,12,SPT_LOCATION_ID
BIA_BA_CAL,BIL_SPT_NHUR_ORDER_DTLS,13,SPT_ORDER_COMPLETION_DT
BIA_BA_CAL,BIL_SPT_NHUR_ORDER_DTLS,14,SPT_ORDER_CATEGORY
BIA_BA_CAL,BIL_SPT_NHUR_ORDER_DTLS,15,SPT_ORDER_TYPE
BIA_BA_CAL,BIL_SPT_NHUR_ORDER_DTLS,16,SPT_ORDER_STATUS
